{
    "cross_val_score": 0.5059000745545159,
    "feature_importances": {
        "num__Age": 0.23331172768615177,
        "num__Tenure": 0.10782742502592958,
        "num__NumOfProducts": 0.1487873393351953,
        "log__CreditScore": 0.15799749046618264,
        "log__Balance": 0.1460442638658539,
        "log__EstimatedSalary": 0.15777364579978145,
        "cat__Geography_France": 0.007978490939231832,
        "cat__Geography_Germany": 0.020560269767725528,
        "cat__Geography_Spain": 0.007624476648398264,
        "cat__Gender_Female": 0.00627148419014083,
        "cat__Gender_Male": 0.005823386275408998
    },
    "best_params": {
        "extratreesclassifier__max_depth": 20,
        "extratreesclassifier__max_features": null,
        "extratreesclassifier__min_samples_leaf": 4,
        "extratreesclassifier__min_samples_split": 2,
        "extratreesclassifier__n_estimators": 199
    },
    "test_accuracy": 0.854,
    "classification_report": {
        "0": {
            "precision": 0.8757943385326401,
            "recall": 0.9516635279347144,
            "f1-score": 0.9121540312876053,
            "support": 1593.0
        },
        "1": {
            "precision": 0.7137546468401487,
            "recall": 0.47174447174447176,
            "f1-score": 0.5680473372781065,
            "support": 407.0
        },
        "accuracy": 0.854,
        "macro avg": {
            "precision": 0.7947744926863944,
            "recall": 0.7117039998395931,
            "f1-score": 0.7401006842828559,
            "support": 2000.0
        },
        "weighted avg": {
            "precision": 0.8428192612732179,
            "recall": 0.854,
            "f1-score": 0.8421283190566724,
            "support": 2000.0
        }
    }
}