{
    "cross_val_score": 0.5410731796164558,
    "feature_importances": {
        "num__Age": 0.40127754401553295,
        "num__Tenure": 0.004474949861371215,
        "num__NumOfProducts": 0.3528184488867367,
        "log__CreditScore": 0.023441300220814133,
        "log__Balance": 0.09909397491663628,
        "log__EstimatedSalary": 0.028344299865765053,
        "cat__Geography_France": 0.001844798269691027,
        "cat__Geography_Germany": 0.0692853944297977,
        "cat__Geography_Spain": 0.0005915623908810661,
        "cat__Gender_Female": 0.015336856320723116,
        "cat__Gender_Male": 0.0034908708220506308
    },
    "best_params": {
        "gradientboostingclassifier__learning_rate": 0.1,
        "gradientboostingclassifier__max_features": 7,
        "gradientboostingclassifier__n_estimators": 210,
        "gradientboostingclassifier__tol": 0.1
    },
    "test_accuracy": 0.8535,
    "classification_report": {
        "0": {
            "precision": 0.8722794959908362,
            "recall": 0.9560577526679221,
            "f1-score": 0.9122491764001198,
            "support": 1593.0
        },
        "1": {
            "precision": 0.7244094488188977,
            "recall": 0.4520884520884521,
            "f1-score": 0.556732223903177,
            "support": 407.0
        },
        "accuracy": 0.8535,
        "macro avg": {
            "precision": 0.798344472404867,
            "recall": 0.7040731023781871,
            "f1-score": 0.7344907001516484,
            "support": 2000.0
        },
        "weighted avg": {
            "precision": 0.8421879413913467,
            "recall": 0.8535,
            "f1-score": 0.839901476566992,
            "support": 2000.0
        }
    }
}