{
    "cross_val_score": 0.4862425275896333,
    "best_params": {
        "kneighborsclassifier__algorithm": "brute",
        "kneighborsclassifier__n_neighbors": 6,
        "kneighborsclassifier__weights": "distance"
    },
    "test_accuracy": 0.834,
    "classification_report": {
        "0": {
            "precision": 0.8659315147997678,
            "recall": 0.9365976145637163,
            "f1-score": 0.8998793727382388,
            "support": 1593.0
        },
        "1": {
            "precision": 0.6353790613718412,
            "recall": 0.43243243243243246,
            "f1-score": 0.5146198830409356,
            "support": 407.0
        },
        "accuracy": 0.834,
        "macro avg": {
            "precision": 0.7506552880858045,
            "recall": 0.6845150234980744,
            "f1-score": 0.7072496278895872,
            "support": 2000.0
        },
        "weighted avg": {
            "precision": 0.8190140905271848,
            "recall": 0.834,
            "f1-score": 0.8214790665848376,
            "support": 2000.0
        }
    }
}