{
    "cross_val_score": 0.5280277893775075,
    "best_params": {
        "mlpclassifier__activation": "relu",
        "mlpclassifier__alpha": 0.0003306242504141576,
        "mlpclassifier__early_stopping": true,
        "mlpclassifier__hidden_layer_sizes": [
            50,
            50
        ],
        "mlpclassifier__learning_rate": "adaptive",
        "mlpclassifier__max_iter": 2499,
        "mlpclassifier__solver": "adam"
    },
    "test_accuracy": 0.855,
    "classification_report": {
        "0": {
            "precision": 0.8691218130311614,
            "recall": 0.9629629629629629,
            "f1-score": 0.9136390708755211,
            "support": 1593.0
        },
        "1": {
            "precision": 0.7489361702127659,
            "recall": 0.43243243243243246,
            "f1-score": 0.5482866043613707,
            "support": 407.0
        },
        "accuracy": 0.855,
        "macro avg": {
            "precision": 0.8090289916219637,
            "recall": 0.6976976976976976,
            "f1-score": 0.7309628376184458,
            "support": 2000.0
        },
        "weighted avg": {
            "precision": 0.8446640347176179,
            "recall": 0.855,
            "f1-score": 0.8392898439398914,
            "support": 2000.0
        }
    }
}