{
    "cross_val_score": 0.53557357439851,
    "best_params": {
        "mlpclassifier__activation": "tanh",
        "mlpclassifier__alpha": 0.008065429868602328,
        "mlpclassifier__early_stopping": true,
        "mlpclassifier__hidden_layer_sizes": [
            50,
            50
        ],
        "mlpclassifier__learning_rate": "constant",
        "mlpclassifier__max_iter": 2044,
        "mlpclassifier__solver": "adam"
    },
    "test_accuracy": 0.8515,
    "classification_report": {
        "0": {
            "precision": 0.8648648648648649,
            "recall": 0.9642184557438794,
            "f1-score": 0.9118432769367765,
            "support": 1593.0
        },
        "1": {
            "precision": 0.7455357142857143,
            "recall": 0.4103194103194103,
            "f1-score": 0.5293185419968305,
            "support": 407.0
        },
        "accuracy": 0.8515,
        "macro avg": {
            "precision": 0.8052002895752897,
            "recall": 0.6872689330316448,
            "f1-score": 0.7205809094668034,
            "support": 2000.0
        },
        "weighted avg": {
            "precision": 0.8405813827220078,
            "recall": 0.8515,
            "f1-score": 0.8339994933764974,
            "support": 2000.0
        }
    }
}