{
    "cross_val_score": 0.5356423756592114,
    "feature_importances": {
        "num__Age": 0.23329282736033533,
        "num__Tenure": 0.08759734805585018,
        "num__NumOfProducts": 0.1352635002392054,
        "log__CreditScore": 0.1602809853981381,
        "log__Balance": 0.15837657871414046,
        "log__EstimatedSalary": 0.16547511798109057,
        "cat__Geography_France": 0.010283212216801087,
        "cat__Geography_Germany": 0.022064641518964617,
        "cat__Geography_Spain": 0.009587227009043875,
        "cat__Gender_Female": 0.009062819469664541,
        "cat__Gender_Male": 0.008715742036765832
    },
    "best_params": {
        "randomforestclassifier__bootstrap": true,
        "randomforestclassifier__max_depth": 30,
        "randomforestclassifier__max_features": 0.5,
        "randomforestclassifier__min_samples_leaf": 3,
        "randomforestclassifier__min_samples_split": 3,
        "randomforestclassifier__n_estimators": 443
    },
    "test_accuracy": 0.852,
    "classification_report": {
        "0": {
            "precision": 0.8742065781881131,
            "recall": 0.9510357815442562,
            "f1-score": 0.9110042092603728,
            "support": 1593.0
        },
        "1": {
            "precision": 0.7078651685393258,
            "recall": 0.4643734643734644,
            "f1-score": 0.5608308605341247,
            "support": 407.0
        },
        "accuracy": 0.852,
        "macro avg": {
            "precision": 0.7910358733637195,
            "recall": 0.7077046229588603,
            "f1-score": 0.7359175348972488,
            "support": 2000.0
        },
        "weighted avg": {
            "precision": 0.8403561013245848,
            "recall": 0.852,
            "f1-score": 0.8397439327945813,
            "support": 2000.0
        }
    }
}