{
    "cross_val_score": 0.5377798959553282,
    "feature_importances": {
        "num__Age": 0.23161429511216805,
        "num__Tenure": 0.08591883078415852,
        "num__NumOfProducts": 0.1319763394819789,
        "log__CreditScore": 0.16204754089551873,
        "log__Balance": 0.16028105508772456,
        "log__EstimatedSalary": 0.16734836438956746,
        "cat__Geography_France": 0.009785879223696356,
        "cat__Geography_Germany": 0.023485371528509807,
        "cat__Geography_Spain": 0.009294514734314422,
        "cat__Gender_Female": 0.009990732574848648,
        "cat__Gender_Male": 0.008257076187514572
    },
    "best_params": {
        "randomforestclassifier__bootstrap": false,
        "randomforestclassifier__max_depth": 50,
        "randomforestclassifier__max_features": "sqrt",
        "randomforestclassifier__min_samples_leaf": 1,
        "randomforestclassifier__min_samples_split": 13,
        "randomforestclassifier__n_estimators": 413
    },
    "test_accuracy": 0.854,
    "classification_report": {
        "0": {
            "precision": 0.8727793696275071,
            "recall": 0.9560577526679221,
            "f1-score": 0.9125224685440384,
            "support": 1593.0
        },
        "1": {
            "precision": 0.7254901960784313,
            "recall": 0.45454545454545453,
            "f1-score": 0.5589123867069486,
            "support": 407.0
        },
        "accuracy": 0.854,
        "macro avg": {
            "precision": 0.7991347828529692,
            "recall": 0.7053016036066884,
            "f1-score": 0.7357174276254935,
            "support": 2000.0
        },
        "weighted avg": {
            "precision": 0.8428060228102702,
            "recall": 0.854,
            "f1-score": 0.8405628168901905,
            "support": 2000.0
        }
    }
}