{
    "cross_val_score": 0.4881643210177307,
    "best_params": {
        "svc__C": 4.419450186421157,
        "svc__gamma": "scale",
        "svc__kernel": "poly"
    },
    "test_accuracy": 0.8565,
    "classification_report": {
        "0": {
            "precision": 0.868510158013544,
            "recall": 0.9661016949152542,
            "f1-score": 0.9147102526002971,
            "support": 1593.0
        },
        "1": {
            "precision": 0.7631578947368421,
            "recall": 0.4275184275184275,
            "f1-score": 0.5480314960629922,
            "support": 407.0
        },
        "accuracy": 0.8565,
        "macro avg": {
            "precision": 0.8158340263751931,
            "recall": 0.6968100612168409,
            "f1-score": 0.7313708743316447,
            "support": 2000.0
        },
        "weighted avg": {
            "precision": 0.8470709724367352,
            "recall": 0.8565,
            "f1-score": 0.8400911256449556,
            "support": 2000.0
        }
    }
}